{
    "name": "Sofle Choc Pro",
    "matrix": {
        "rows": 10,
        "cols": 6
    },
    "lighting": "vialrgb",
    "layouts": {
        "keymap": [
            [
                {
                    "x": 3
                },
                "0,3",
                {
                    "x": 8.25
                },
                "5,3"
            ],
            [
                {
                    "y": -0.87,
                    "x": 2
                },
                "0,2",
                {
                    "x": 1
                },
                "0,4",
                {
                    "x": 6.25
                },
                "5,4",
                {
                    "x": 1
                },
                "5,2"
            ],
            [
                {
                    "y": -0.88,
                    "x": 5
                },
                "0,5"
            ],
            [
                {
                    "y": -1,
                    "x": 10.25
                },
                "5,5"
            ],
            [
                {
                    "y": -0.87
                },
                "0,0",
                "0,1",
                {
                    "x": 12.25
                },
                "5,1",
                "5,0"
            ],
            [
                {
                    "y": -0.38,
                    "x": 3
                },
                "1,3"
            ],
            [
                {
                    "y": -1,
                    "x": 12.25
                },
                "6,3"
            ],
            [
                {
                    "y": -0.8700000000000001,
                    "x": 2
                },
                "1,2",
                {
                    "x": 1
                },
                "1,4",
                {
                    "x": 6.25
                },
                "6,4",
                {
                    "x": 1
                },
                "6,2"
            ],
            [
                {
                    "y": -0.8799999999999999,
                    "x": 5
                },
                "1,5",
                {
                    "x": 4.25
                },
                "6,5"
            ],
            [
                {
                    "y": -0.8700000000000001
                },
                "1,0",
                "1,1",
                {
                    "x": 12.25
                },
                "6,1",
                "6,0"
            ],
            [
                {
                    "y": -0.6299999999999999,
                    "x": 6
                },
                "0,0\n\n\n\n\n\n\n\n\ne",
                "0,1\n\n\n\n\n\n\n\n\ne",
                {
                    "x": 0.25
                },
                "1,0\n\n\n\n\n\n\n\n\ne",
                "1,1\n\n\n\n\n\n\n\n\ne"
            ],
            [
                {
                    "y": -0.75,
                    "x": 3
                },
                "2,3",
                {
                    "x": 8.25
                },
                "7,3"
            ],
            [
                {
                    "y": -0.8700000000000001,
                    "x": 2
                },
                "2,2",
                {
                    "x": 1
                },
                "2,4",
                {
                    "x": 6.25
                },
                "7,4",
                {
                    "x": 1
                },
                "7,2"
            ],
            [
                {
                    "y": -0.8799999999999999,
                    "x": 5
                },
                "2,5",
                {
                    "x": 4.25
                },
                "7,5"
            ],
            [
                {
                    "y": -0.8700000000000001
                },
                "2,0",
                "2,1",
                {
                    "x": 12.25
                },
                "7,1",
                "7,0"
            ],
            [
                {
                    "y": -0.6299999999999999,
                    "x": 6.5
                },
                "4,5",
                {
                    "x": 1.25
                },
                "9,5"
            ],
            [
                {
                    "y": -0.75,
                    "x": 3
                },
                "3,3",
                {
                    "x": 8.25
                },
                "8,3"
            ],
            [
                {
                    "y": -0.8700000000000001,
                    "x": 2
                },
                "3,2",
                {
                    "x": 1
                },
                "3,4",
                {
                    "x": 6.25
                },
                "8,4",
                {
                    "x": 1
                },
                "8,2"
            ],
            [
                {
                    "y": -0.8799999999999999,
                    "x": 5
                },
                "3,5",
                {
                    "x": 4.25
                },
                "8,5"
            ],
            [
                {
                    "y": -0.8700000000000001
                },
                "3,0",
                "3,1",
                {
                    "x": 12.25
                },
                "8,1",
                "8,0"
            ],
            [
                {
                    "y": -0.1299999999999999,
                    "x": 2.5
                },
                "4,1",
                "4,2",
                {
                    "x": 7.25
                },
                "9,2",
                "9,1"
            ],
            [
                {
                    "y": -0.8700000000000001,
                    "x": 1.5
                },
                "4,0",
                {
                    "x": 11.25
                },
                "9,0"
            ],
            [
                {
                    "r": 15,
                    "rx": 4,
                    "ry": 9.1,
                    "y": -4.85,
                    "x": -0.5
                },
                "4,3"
            ],
            [
                {
                    "r": 30,
                    "rx": 5,
                    "ry": 9.3,
                    "y": -5.05,
                    "x": -1.5,
                    "h": 1.5
                },
                "4,4"
            ],
            [
                {
                    "r": -30,
                    "rx": 10,
                    "y": -4.4,
                    "x": 1.629999999999999,
                    "h": 1.5
                },
                "9,4"
            ],
            [
                {
                    "r": -15,
                    "rx": 11,
                    "ry": 9,
                    "y": -4.42,
                    "x": 0.7200000000000006
                },
                "9,3"
            ]
        ]
    }
}
